Timestamp	EmployeeID	ReportName
3/27/2019 2:23	8074558	Actual versus Predicted Revenue for GPS units
3/27/2019 3:38	1109984	Category Report
3/26/2019 9:44	4511102	Revenue by Population
3/26/2019 8:29	499489	Revenue by Population
3/23/2019 10:45	7803665	Store Revenue by Year by State
3/23/2019 8:59	793035	Category Report
3/22/2019 7:24	3010101	Actual versus Predicted Revenue for GPS units
3/23/2019 13:55	499489	Revenue by Population
3/21/2019 14:52	1037294	Manufacturer's Product Report
3/18/2019 21:26	5420038	Actual versus Predicted Revenue for GPS units
3/17/2019 15:39	2497053	Actual versus Predicted Revenue for GPS units
3/16/2019 2:40	3550082	Manufacturer's Product Report
3/17/2019 18:54	1037294	Air Conditioners on Groundhog Day?
3/12/2019 12:15	3583202	Revenue by Population
3/13/2019 6:29	1296981	Store Revenue by Year by State
3/14/2019 13:20	3247015	Category Report
3/14/2019 8:18	4511102	Air Conditioners on Groundhog Day?
3/11/2019 15:24	980616	Actual versus Predicted Revenue for GPS units
3/10/2019 16:00	7803665	Revenue by Population
3/11/2019 0:05	3805208	Air Conditioners on Groundhog Day?
3/10/2019 10:34	1109984	Air Conditioners on Groundhog Day?
3/10/2019 11:51	2705500	Store Revenue by Year by State
3/10/2019 7:45	4284471	Store Revenue by Year by State
3/8/2019 7:48	98839	Manufacturer's Product Report
3/8/2019 14:25	9634888	Manufacturer's Product Report
3/10/2019 7:11	1737803	Category Report
3/10/2019 15:56	1336363	Store Revenue by Year by State
3/8/2019 23:09	2497053	Air Conditioners on Groundhog Day?
3/7/2019 9:28	3093830	Actual versus Predicted Revenue for GPS units
3/8/2019 16:27	3599069	Air Conditioners on Groundhog Day?
3/8/2019 17:43	5420038	Category Report
3/7/2019 7:12	3247015	Actual versus Predicted Revenue for GPS units
3/7/2019 18:30	7344234	Air Conditioners on Groundhog Day?
3/7/2019 13:42	3599069	Actual versus Predicted Revenue for GPS units
3/7/2019 4:29	3567510	Store Revenue by Year by State
3/7/2019 2:10	4707345	Manufacturer's Product Report
3/6/2019 22:59	7803665	Revenue by Population
3/6/2019 21:06	5420038	Revenue by Population
3/7/2019 10:18	4809365	Category Report
3/6/2019 12:05	3247015	Manufacturer's Product Report
3/5/2019 1:54	1336363	Air Conditioners on Groundhog Day?
3/5/2019 2:02	5249423	Actual versus Predicted Revenue for GPS units
3/4/2019 15:06	3805208	District with Highest Volume for each Category
3/1/2019 5:49	8074558	Manufacturer's Product Report
3/1/2019 5:39	4809365	District with Highest Volume for each Category
3/1/2019 4:01	6865168	Actual versus Predicted Revenue for GPS units
3/1/2019 10:44	3010101	District with Highest Volume for each Category
2/27/2019 16:58	4062271	Manufacturer's Product Report
2/27/2019 10:44	8074558	Category Report
2/27/2019 17:27	8052358	Store Revenue by Year by State
2/27/2019 3:14	7344234	Air Conditioners on Groundhog Day?
2/27/2019 19:56	3550082	Manufacturer's Product Report
2/25/2019 11:11	3550082	Category Report
2/26/2019 13:51	5420038	Air Conditioners on Groundhog Day?
2/25/2019 23:03	391898	Air Conditioners on Groundhog Day?
2/22/2019 11:07	3730104	District with Highest Volume for each Category
2/25/2019 12:55	3247015	Manufacturer's Product Report
2/21/2019 21:49	6865168	District with Highest Volume for each Category
2/20/2019 9:39	8135299	Store Revenue by Year by State
2/21/2019 22:10	9509608	Air Conditioners on Groundhog Day?
2/20/2019 10:58	3093830	Store Revenue by Year by State
2/18/2019 1:37	793035	Revenue by Population
2/20/2019 13:23	3093830	Actual versus Predicted Revenue for GPS units
2/17/2019 10:40	4414957	Store Revenue by Year by State
2/15/2019 5:33	3583202	Manufacturer's Product Report
2/17/2019 13:54	6396166	Store Revenue by Year by State
2/12/2019 6:27	8725682	Revenue by Population
2/14/2019 17:04	1109984	District with Highest Volume for each Category
2/9/2019 19:27	4767438	Revenue by Population
2/7/2019 8:17	3730104	Manufacturer's Product Report
2/8/2019 22:13	1336363	Actual versus Predicted Revenue for GPS units
2/5/2019 12:28	2497053	Manufacturer's Product Report
2/5/2019 19:58	3599069	Revenue by Population
2/5/2019 3:22	8932540	Manufacturer's Product Report
2/5/2019 23:27	8725682	Air Conditioners on Groundhog Day?
2/2/2019 0:33	3805208	Store Revenue by Year by State
2/5/2019 20:25	4414957	Air Conditioners on Groundhog Day?
2/2/2019 23:54	8052358	District with Highest Volume for each Category
2/1/2019 3:32	8419245	Revenue by Population
1/29/2019 8:50	3393003	Store Revenue by Year by State
1/29/2019 20:59	9450983	Category Report
1/27/2019 15:44	8074558	Store Revenue by Year by State
1/28/2019 22:41	3093830	Revenue by Population
1/27/2019 4:05	8932540	Store Revenue by Year by State
1/25/2019 21:12	2705500	Revenue by Population
1/24/2019 20:02	980616	Actual versus Predicted Revenue for GPS units
1/23/2019 12:55	4809365	Revenue by Population
1/22/2019 7:02	5249423	District with Highest Volume for each Category
1/22/2019 5:03	5249423	Air Conditioners on Groundhog Day?
1/22/2019 12:21	3805208	Air Conditioners on Groundhog Day?
1/21/2019 21:35	4658217	Store Revenue by Year by State
1/21/2019 13:17	3730104	Store Revenue by Year by State
1/20/2019 17:52	8052358	Manufacturer's Product Report
1/21/2019 4:11	8135299	Actual versus Predicted Revenue for GPS units
1/18/2019 3:05	6822507	Store Revenue by Year by State
1/18/2019 0:39	3393003	Revenue by Population
1/18/2019 11:05	6822507	Store Revenue by Year by State
1/18/2019 6:42	1336363	Store Revenue by Year by State
1/18/2019 4:36	8074558	Air Conditioners on Groundhog Day?
1/18/2019 1:17	4062271	District with Highest Volume for each Category
1/17/2019 4:47	9450983	Store Revenue by Year by State
1/16/2019 3:43	391898	District with Highest Volume for each Category
1/16/2019 6:36	4707345	District with Highest Volume for each Category
1/16/2019 23:45	8725682	Category Report
1/16/2019 8:07	3247015	Air Conditioners on Groundhog Day?
1/16/2019 22:32	3567510	District with Highest Volume for each Category
1/16/2019 4:41	499489	Revenue by Population
1/16/2019 11:45	9450983	Store Revenue by Year by State
1/12/2019 18:53	4809365	Actual versus Predicted Revenue for GPS units
1/11/2019 21:57	4284471	Store Revenue by Year by State
1/11/2019 11:13	2497053	Air Conditioners on Groundhog Day?
1/11/2019 9:37	5420038	Manufacturer's Product Report
1/9/2019 3:36	1336363	Manufacturer's Product Report
1/9/2019 7:57	1336363	District with Highest Volume for each Category
1/9/2019 12:40	391898	District with Highest Volume for each Category
1/4/2019 10:44	9450983	District with Highest Volume for each Category
3/30/2018 10:22	4658217	Revenue by Population
1/3/2019 16:13	3247015	Air Conditioners on Groundhog Day?
3/30/2018 14:44	1336363	Revenue by Population
3/30/2018 16:56	4658217	Revenue by Population
3/30/2018 0:07	793035	Store Revenue by Year by State
3/30/2018 7:37	793035	Store Revenue by Year by State
3/29/2018 9:10	3093830	Store Revenue by Year by State
3/29/2018 9:59	2497053	District with Highest Volume for each Category
3/28/2018 19:21	3010101	District with Highest Volume for each Category
3/29/2018 3:41	7088138	Manufacturer's Product Report
3/28/2018 1:03	4414957	Actual versus Predicted Revenue for GPS units
3/26/2018 19:31	6037336	Category Report
3/28/2018 12:56	3583202	Air Conditioners on Groundhog Day?
3/25/2018 19:28	8135299	District with Highest Volume for each Category
3/25/2018 22:31	1336363	Revenue by Population
3/23/2018 9:30	4062271	Actual versus Predicted Revenue for GPS units
3/22/2018 3:44	7088138	Revenue by Population
3/23/2018 2:29	8419245	Manufacturer's Product Report
3/21/2018 16:32	3393003	Category Report
3/22/2018 4:53	8052358	Air Conditioners on Groundhog Day?
3/21/2018 14:16	3730104	Revenue by Population
3/21/2018 15:50	3599069	Store Revenue by Year by State
3/21/2018 2:17	8052358	Revenue by Population
3/21/2018 16:24	9450983	District with Highest Volume for each Category
3/20/2018 7:09	98839	Manufacturer's Product Report
3/19/2018 8:58	3567510	Category Report
3/19/2018 16:53	3093830	Category Report
3/19/2018 6:35	391898	Air Conditioners on Groundhog Day?
3/18/2018 6:32	7088138	Air Conditioners on Groundhog Day?
3/16/2018 14:46	9634888	Category Report
3/17/2018 8:08	8419245	District with Highest Volume for each Category
3/16/2018 18:06	8725682	District with Highest Volume for each Category
3/16/2018 5:08	3730104	Actual versus Predicted Revenue for GPS units
3/15/2018 14:21	4658217	District with Highest Volume for each Category
3/15/2018 14:13	6865168	Revenue by Population
3/15/2018 18:53	9450983	Category Report
3/14/2018 16:59	2705500	Revenue by Population
3/15/2018 10:11	5249423	Category Report
3/14/2018 5:44	7088138	District with Highest Volume for each Category
3/13/2018 16:13	8419245	Category Report
3/14/2018 22:51	4658217	Store Revenue by Year by State
3/14/2018 17:35	3730104	Category Report
3/13/2018 11:22	8419245	Actual versus Predicted Revenue for GPS units
3/13/2018 9:05	1109984	Category Report
3/13/2018 15:05	499489	Revenue by Population
3/13/2018 10:36	8419245	Air Conditioners on Groundhog Day?
3/13/2018 8:03	6865168	Air Conditioners on Groundhog Day?
3/12/2018 11:26	8135299	Actual versus Predicted Revenue for GPS units
3/11/2018 8:49	3567510	Actual versus Predicted Revenue for GPS units
3/11/2018 23:08	3550082	District with Highest Volume for each Category
3/9/2018 0:14	793035	District with Highest Volume for each Category
3/7/2018 6:41	3247015	Revenue by Population
3/9/2018 3:36	4284471	Air Conditioners on Groundhog Day?
3/6/2018 6:54	1037294	Category Report
3/5/2018 20:22	6329857	Category Report
3/6/2018 5:38	7803665	Actual versus Predicted Revenue for GPS units
3/5/2018 17:21	8052358	Store Revenue by Year by State
3/4/2018 5:14	3393003	Actual versus Predicted Revenue for GPS units
3/4/2018 2:20	1768341	Air Conditioners on Groundhog Day?
3/4/2018 7:04	4707345	Category Report
3/4/2018 4:50	4414957	Store Revenue by Year by State
3/4/2018 21:35	9634888	District with Highest Volume for each Category
3/4/2018 22:49	5420038	Store Revenue by Year by State
3/2/2018 6:49	7088138	Store Revenue by Year by State
2/27/2018 13:57	1037294	Manufacturer's Product Report
2/27/2018 21:49	3093830	Category Report
2/27/2018 14:38	793035	District with Highest Volume for each Category
2/26/2018 11:25	1737803	Air Conditioners on Groundhog Day?
2/26/2018 0:11	7344234	Manufacturer's Product Report
2/26/2018 6:45	980616	Revenue by Population
2/26/2018 18:27	7344234	Air Conditioners on Groundhog Day?
2/24/2018 0:00	5249423	Revenue by Population
2/25/2018 6:09	3599069	District with Highest Volume for each Category
2/24/2018 14:34	4414957	Air Conditioners on Groundhog Day?
2/24/2018 2:43	8419245	Store Revenue by Year by State
2/24/2018 22:38	499489	Actual versus Predicted Revenue for GPS units
2/24/2018 3:47	5420038	Category Report
2/24/2018 18:07	2497053	Air Conditioners on Groundhog Day?
2/23/2018 4:53	7088138	District with Highest Volume for each Category
2/24/2018 0:19	9634888	Manufacturer's Product Report
2/23/2018 11:46	3567510	Manufacturer's Product Report
2/21/2018 7:27	3247015	Air Conditioners on Groundhog Day?
2/23/2018 14:07	3393003	Category Report
2/23/2018 16:37	6822507	Revenue by Population
2/21/2018 15:08	8074558	District with Highest Volume for each Category
2/20/2018 8:29	4809365	Store Revenue by Year by State
2/19/2018 23:30	3599069	Store Revenue by Year by State
2/19/2018 10:44	8419245	Store Revenue by Year by State
2/19/2018 21:26	7803665	Store Revenue by Year by State
2/19/2018 2:14	1768341	Actual versus Predicted Revenue for GPS units
2/19/2018 1:25	1296981	Manufacturer's Product Report
2/17/2018 17:40	2497053	District with Highest Volume for each Category
2/17/2018 16:18	3599069	Air Conditioners on Groundhog Day?
2/17/2018 21:46	5420038	Actual versus Predicted Revenue for GPS units
2/17/2018 2:27	9634888	Category Report
2/17/2018 6:49	9634888	Store Revenue by Year by State
2/16/2018 22:00	8135299	Store Revenue by Year by State
2/16/2018 23:42	1037294	District with Highest Volume for each Category
2/16/2018 5:51	3393003	Air Conditioners on Groundhog Day?
2/16/2018 4:28	98839	Manufacturer's Product Report
2/16/2018 10:28	8052358	Category Report
2/16/2018 21:47	9634888	Store Revenue by Year by State
2/16/2018 2:22	6329857	Manufacturer's Product Report
2/15/2018 7:25	8419245	Revenue by Population
2/14/2018 15:21	4767438	Store Revenue by Year by State
2/15/2018 23:13	3567510	District with Highest Volume for each Category
2/14/2018 15:17	1768341	Store Revenue by Year by State
2/14/2018 5:27	1768341	Revenue by Population
2/14/2018 14:21	8074558	District with Highest Volume for each Category
2/14/2018 1:34	3247015	Manufacturer's Product Report
2/14/2018 21:24	9450983	Manufacturer's Product Report
2/14/2018 16:00	4511102	Air Conditioners on Groundhog Day?
2/13/2018 6:54	4511102	Actual versus Predicted Revenue for GPS units
2/13/2018 3:21	3599069	Manufacturer's Product Report
2/13/2018 17:37	1296981	Manufacturer's Product Report
2/13/2018 0:24	499489	District with Highest Volume for each Category
2/12/2018 13:48	4809365	Category Report
2/10/2018 16:40	6865168	Store Revenue by Year by State
2/11/2018 14:20	3093830	Store Revenue by Year by State
2/10/2018 6:26	6396166	Store Revenue by Year by State
2/10/2018 6:30	4511102	Revenue by Population
2/10/2018 8:59	3093830	Actual versus Predicted Revenue for GPS units
2/10/2018 10:15	980616	Store Revenue by Year by State
2/10/2018 10:09	1296981	Category Report
2/9/2018 22:02	7088138	Manufacturer's Product Report
2/9/2018 12:46	98839	Category Report
2/10/2018 10:57	499489	Actual versus Predicted Revenue for GPS units
2/9/2018 14:23	3567510	Revenue by Population
2/8/2018 14:46	3093830	Air Conditioners on Groundhog Day?
2/7/2018 3:44	4414957	Store Revenue by Year by State
2/7/2018 11:28	9450983	Store Revenue by Year by State
2/7/2018 19:09	1296981	District with Highest Volume for each Category
2/7/2018 16:23	3010101	Store Revenue by Year by State
2/7/2018 0:58	4658217	District with Highest Volume for each Category
2/7/2018 13:09	4062271	Manufacturer's Product Report
2/7/2018 14:30	391898	Manufacturer's Product Report
2/6/2018 13:25	391898	Manufacturer's Product Report
2/6/2018 18:32	8135299	Manufacturer's Product Report
2/6/2018 5:08	3010101	Category Report
2/6/2018 7:44	9509608	Category Report
2/5/2018 14:40	8725682	Air Conditioners on Groundhog Day?
2/5/2018 7:51	98839	Store Revenue by Year by State
2/4/2018 3:42	6037336	Category Report
2/4/2018 16:27	1768341	Manufacturer's Product Report
2/4/2018 4:22	3010101	Category Report
2/3/2018 4:50	3805208	Revenue by Population
2/1/2018 3:45	9450983	Revenue by Population
1/31/2018 5:49	391898	Category Report
1/29/2018 19:17	3805208	Air Conditioners on Groundhog Day?
1/22/2018 22:19	8135299	Air Conditioners on Groundhog Day?
1/28/2018 20:57	4767438	Manufacturer's Product Report
1/21/2018 3:04	3550082	District with Highest Volume for each Category
1/21/2018 3:23	98839	District with Highest Volume for each Category
1/20/2018 0:54	98839	Manufacturer's Product Report
1/20/2018 20:34	793035	Revenue by Population
1/20/2018 7:30	1737803	Actual versus Predicted Revenue for GPS units
1/18/2018 15:02	4511102	District with Highest Volume for each Category
1/17/2018 6:04	2705500	District with Highest Volume for each Category
1/16/2018 21:13	8135299	Store Revenue by Year by State
1/16/2018 5:44	3093830	Actual versus Predicted Revenue for GPS units
1/16/2018 21:40	4414957	Manufacturer's Product Report
1/16/2018 9:22	3010101	District with Highest Volume for each Category
1/16/2018 21:50	2497053	Actual versus Predicted Revenue for GPS units
1/16/2018 4:38	4658217	Manufacturer's Product Report
1/15/2018 10:28	6396166	Manufacturer's Product Report
1/14/2018 7:02	3550082	Actual versus Predicted Revenue for GPS units
1/14/2018 5:47	8052358	Revenue by Population
1/13/2018 4:44	8135299	Category Report
1/14/2018 10:17	4062271	Category Report
1/14/2018 16:50	4707345	Actual versus Predicted Revenue for GPS units
1/8/2018 13:56	8052358	Air Conditioners on Groundhog Day?
1/12/2018 16:06	9634888	Actual versus Predicted Revenue for GPS units
1/11/2018 10:58	4062271	Air Conditioners on Groundhog Day?
1/8/2018 0:36	980616	Revenue by Population
1/6/2018 1:46	1768341	Revenue by Population
1/5/2018 17:48	1296981	Manufacturer's Product Report
1/5/2018 21:18	5249423	Category Report
1/4/2018 11:56	4707345	Revenue by Population
1/4/2018 21:24	6396166	Revenue by Population
1/4/2018 14:37	3567510	Actual versus Predicted Revenue for GPS units
1/3/2018 13:06	4511102	Category Report
1/3/2018 15:01	3550082	Actual versus Predicted Revenue for GPS units
1/3/2018 3:30	4707345	Manufacturer's Product Report
1/3/2018 14:25	499489	Actual versus Predicted Revenue for GPS units
1/3/2018 1:40	7803665	Actual versus Predicted Revenue for GPS units
1/3/2018 13:18	98839	District with Highest Volume for each Category
1/3/2018 14:56	4062271	Category Report
1/2/2018 22:50	8074558	District with Highest Volume for each Category
1/2/2018 13:05	9634888	Store Revenue by Year by State
3/30/2017 7:05	7344234	Actual versus Predicted Revenue for GPS units
3/29/2017 2:23	6329857	District with Highest Volume for each Category
3/29/2017 17:45	980616	Revenue by Population
3/29/2017 16:17	3010101	Revenue by Population
3/29/2017 13:21	5249423	Category Report
3/29/2017 15:41	793035	Air Conditioners on Groundhog Day?
3/28/2017 3:03	6396166	Store Revenue by Year by State
3/26/2017 15:38	98839	Manufacturer's Product Report
3/24/2017 23:24	6396166	Manufacturer's Product Report
3/21/2017 23:44	3805208	Store Revenue by Year by State
3/23/2017 15:49	1336363	Air Conditioners on Groundhog Day?
3/20/2017 3:26	4414957	Air Conditioners on Groundhog Day?
3/19/2017 12:36	7803665	Revenue by Population
3/20/2017 5:06	1336363	District with Highest Volume for each Category
3/18/2017 20:19	1768341	Actual versus Predicted Revenue for GPS units
3/18/2017 9:39	4511102	Manufacturer's Product Report
3/18/2017 4:49	4767438	District with Highest Volume for each Category
3/18/2017 15:06	6396166	District with Highest Volume for each Category
3/18/2017 10:01	9450983	Revenue by Population
3/17/2017 19:59	7088138	Category Report
3/16/2017 4:20	5420038	Revenue by Population
3/16/2017 7:06	8052358	Actual versus Predicted Revenue for GPS units
3/12/2017 1:59	4414957	Store Revenue by Year by State
3/12/2017 1:05	3550082	Actual versus Predicted Revenue for GPS units
3/9/2017 4:04	3010101	Store Revenue by Year by State
3/8/2017 15:31	4809365	Air Conditioners on Groundhog Day?
3/7/2017 0:08	4809365	Store Revenue by Year by State
3/6/2017 16:46	3599069	District with Highest Volume for each Category
3/5/2017 21:26	8932540	Store Revenue by Year by State
3/4/2017 14:12	980616	District with Highest Volume for each Category
3/4/2017 19:07	8052358	Category Report
3/4/2017 3:16	3550082	Store Revenue by Year by State
3/4/2017 19:55	793035	Revenue by Population
3/4/2017 20:43	391898	Manufacturer's Product Report
3/3/2017 15:31	9450983	District with Highest Volume for each Category
3/3/2017 11:57	3550082	Actual versus Predicted Revenue for GPS units
3/3/2017 5:30	1336363	Store Revenue by Year by State
3/3/2017 5:28	8135299	Manufacturer's Product Report
3/3/2017 20:13	7803665	Category Report
3/3/2017 1:03	8135299	Actual versus Predicted Revenue for GPS units
3/3/2017 20:41	6329857	District with Highest Volume for each Category
3/2/2017 4:11	6037336	Store Revenue by Year by State
3/2/2017 4:02	4511102	Revenue by Population
3/2/2017 14:02	6822507	Actual versus Predicted Revenue for GPS units
2/26/2017 23:34	391898	Revenue by Population
2/26/2017 5:16	1037294	Category Report
2/26/2017 10:01	3093830	Revenue by Population
2/25/2017 23:46	4658217	Store Revenue by Year by State
2/25/2017 8:38	3805208	Manufacturer's Product Report
2/24/2017 20:26	3567510	Manufacturer's Product Report
2/25/2017 2:23	3550082	District with Highest Volume for each Category
2/24/2017 2:15	9634888	Manufacturer's Product Report
2/24/2017 21:08	8419245	Actual versus Predicted Revenue for GPS units
2/24/2017 11:20	5249423	Actual versus Predicted Revenue for GPS units
2/24/2017 7:50	7344234	District with Highest Volume for each Category
2/24/2017 20:02	3093830	Store Revenue by Year by State
2/23/2017 19:14	3805208	Air Conditioners on Groundhog Day?
2/23/2017 14:02	7088138	Air Conditioners on Groundhog Day?
2/23/2017 21:15	3583202	Actual versus Predicted Revenue for GPS units
2/23/2017 7:43	4658217	Manufacturer's Product Report
2/22/2017 13:21	3010101	Manufacturer's Product Report
2/22/2017 11:05	3393003	District with Highest Volume for each Category
2/20/2017 6:28	2497053	Actual versus Predicted Revenue for GPS units
2/20/2017 2:20	3567510	Actual versus Predicted Revenue for GPS units
2/19/2017 16:43	3247015	Manufacturer's Product Report
2/18/2017 19:31	3567510	Revenue by Population
2/15/2017 3:12	8419245	Store Revenue by Year by State
2/15/2017 18:22	6865168	Store Revenue by Year by State
2/14/2017 18:29	9450983	Store Revenue by Year by State
2/14/2017 6:53	9509608	Manufacturer's Product Report
2/14/2017 20:58	3567510	Store Revenue by Year by State
2/14/2017 20:57	1737803	Store Revenue by Year by State
2/14/2017 18:49	3093830	Revenue by Population
2/14/2017 7:50	4511102	Revenue by Population
2/14/2017 4:13	793035	District with Highest Volume for each Category
2/11/2017 7:05	3550082	Store Revenue by Year by State
2/10/2017 14:10	4284471	District with Highest Volume for each Category
2/10/2017 19:21	8135299	Manufacturer's Product Report
2/10/2017 4:54	793035	Actual versus Predicted Revenue for GPS units
2/9/2017 17:15	8932540	Actual versus Predicted Revenue for GPS units
2/8/2017 13:12	3599069	Revenue by Population
2/8/2017 2:22	6822507	District with Highest Volume for each Category
2/7/2017 6:39	8419245	Air Conditioners on Groundhog Day?
2/6/2017 2:41	8135299	Actual versus Predicted Revenue for GPS units
2/6/2017 6:40	4658217	Manufacturer's Product Report
2/5/2017 0:47	793035	District with Highest Volume for each Category
2/4/2017 21:54	4284471	Store Revenue by Year by State
2/4/2017 8:25	9509608	Category Report
2/3/2017 0:18	9509608	District with Highest Volume for each Category
2/4/2017 6:28	1296981	Actual versus Predicted Revenue for GPS units
2/3/2017 13:23	6865168	Actual versus Predicted Revenue for GPS units
2/3/2017 1:15	1737803	Manufacturer's Product Report
2/3/2017 5:19	6037336	Actual versus Predicted Revenue for GPS units
2/3/2017 7:21	3599069	District with Highest Volume for each Category
2/2/2017 3:47	4511102	Store Revenue by Year by State
1/30/2017 23:16	980616	District with Highest Volume for each Category
1/30/2017 10:18	9634888	Revenue by Population
1/30/2017 1:12	8725682	Actual versus Predicted Revenue for GPS units
1/30/2017 18:50	4062271	Store Revenue by Year by State
1/30/2017 18:22	7803665	Actual versus Predicted Revenue for GPS units
1/30/2017 9:18	5249423	Revenue by Population
1/29/2017 17:14	793035	District with Highest Volume for each Category
1/30/2017 3:03	5249423	Manufacturer's Product Report
1/28/2017 15:53	4284471	Revenue by Population
1/28/2017 21:04	4414957	Store Revenue by Year by State
1/26/2017 22:15	3550082	Category Report
1/26/2017 10:36	6822507	Category Report
1/25/2017 5:10	3567510	Category Report
1/24/2017 0:15	3567510	Actual versus Predicted Revenue for GPS units
1/21/2017 10:03	1037294	Revenue by Population
1/23/2017 16:05	8725682	Manufacturer's Product Report
1/20/2017 17:47	8074558	Air Conditioners on Groundhog Day?
1/19/2017 6:55	3247015	Actual versus Predicted Revenue for GPS units
1/19/2017 18:18	3567510	Store Revenue by Year by State
1/18/2017 15:55	5420038	Actual versus Predicted Revenue for GPS units
1/18/2017 20:19	3550082	Category Report
1/14/2017 1:08	499489	Manufacturer's Product Report
1/13/2017 9:39	1768341	Actual versus Predicted Revenue for GPS units
1/13/2017 15:07	1336363	Revenue by Population
1/13/2017 11:00	1037294	Revenue by Population
1/13/2017 8:09	3805208	Actual versus Predicted Revenue for GPS units
1/13/2017 4:24	8725682	Category Report
1/11/2017 21:17	6037336	Store Revenue by Year by State
1/11/2017 17:20	5420038	District with Highest Volume for each Category
1/11/2017 15:46	2497053	Store Revenue by Year by State
1/10/2017 20:50	4707345	Actual versus Predicted Revenue for GPS units
1/10/2017 21:02	2497053	Store Revenue by Year by State
1/10/2017 21:29	6396166	Manufacturer's Product Report
1/9/2017 1:04	6329857	Revenue by Population
1/9/2017 7:06	8725682	Air Conditioners on Groundhog Day?
1/8/2017 21:44	658533	Store Revenue by Year by State
1/8/2017 6:12	6037336	Actual versus Predicted Revenue for GPS units
1/7/2017 5:20	6396166	Actual versus Predicted Revenue for GPS units
1/7/2017 6:29	8135299	Revenue by Population
1/6/2017 1:04	3805208	Store Revenue by Year by State
1/6/2017 1:29	1109984	Category Report
1/5/2017 15:26	5420038	Store Revenue by Year by State
1/4/2017 13:23	8135299	Actual versus Predicted Revenue for GPS units
1/4/2017 8:04	9634888	Air Conditioners on Groundhog Day?
1/2/2017 9:28	4062271	Category Report
1/2/2017 0:11	8725682	Air Conditioners on Groundhog Day?
1/2/2017 5:25	7803665	Store Revenue by Year by State
1/2/2017 17:39	4658217	Manufacturer's Product Report
1/2/2017 22:08	1109984	District with Highest Volume for each Category
1/1/2017 7:00	4284471	Store Revenue by Year by State
3/28/2019 14:50	1109984	Manufacturer's Product Report
3/28/2019 14:47	1109984	Store Revenue by Year by State
3/29/2019 7:13	2497053	Category Report
3/29/2019 20:03	793035	District with Highest Volume for each Category
3/29/2019 22:43	8052358	District with Highest Volume for each Category
3/29/2019 17:56	3730104	Actual versus Predicted Revenue for GPS units
3/30/2019 15:34	980616	Category Report
3/30/2019 4:06	4707345	Air Conditioners on Groundhog Day?
