store_number	phone	district_number	city_name	city_state
481	1634602222	1	Columbus	Ohio
479	1229803045	6	Bakersfield	California
480	2750672075	4	Portland	Oregon
478	9479328065	5	Glendale	Arizona
477	8620731401	1	North Las Vegas	Nevada
476	7948944039	3	Glendale	Arizona
475	4639854061	1	Garland	Texas
474	2548145019	5	St. Paul	Minnesota
472	1448888005	5	Indianapolis	Indiana
473	5531820239	6	Miami	Florida
471	4582485890	1	Chesapeake	Virginia
470	8791589930	2	Scottsdale	Arizona
469	458534271	6	Omaha	Nebraska
468	8408378033	6	Tucson	Arizona
467	9460074593	5	Durham	North Carolina
466	1826353275	3	Portland	Oregon
465	4391998983	2	Mesa	Arizona
464	8866428814	1	Stockton	California
463	9458536109	4	Tampa	Florida
462	6237968303	5	Mesa	Arizona
461	6386304513	2	Fort Worth	Texas
459	79249255	3	Oakland	California
460	2463005650	2	Mesa	Arizona
458	8298516408	1	Atlanta	Georgia
457	499072226	4	Raleigh	North Carolina
456	1234116232	4	Corpus Christi	Texas
454	4367928917	6	San Francisco	California
455	7736431636	2	Miami	Florida
453	1962276232	5	Indianapolis	Indiana
452	8873279541	3	Boston	Massachusetts
451	93813390	5	Philadelphia	Pennsylvania
450	989059420	5	El Paso	Texas
449	249477230	1	Houston	Texas
448	9515025944	3	Miami	Florida
447	488898556	4	Anaheim	California
446	263642934	4	Seattle	Washington
445	7963875545	1	Jacksonville	Florida
443	3107509965	5	Long Beach	California
444	3946837684	6	San Jose	California
442	2882142685	1	Colorado Springs	Colorado
441	7945835822	6	Philadelphia	Pennsylvania
439	6366441480	2	Laredo	Texas
440	5843313936	5	St. Paul	Minnesota
438	1785875818	1	Los Angeles	California
437	7339905483	2	Houston	Texas
436	6857304399	2	Seattle	Washington
435	822998645	5	Lubbock	Texas
434	8382709890	6	Miami	Florida
433	6213637974	6	Bakersfield	California
432	4840005375	2	San Francisco	California
430	3508612214	2	St. Petersburg	Florida
431	9221534925	4	Fort Worth	Texas
429	1704906563	4	Long Beach	California
428	990677462	2	Anaheim	California
425	4597802201	6	Colorado Springs	Colorado
426	199852424	5	Detroit	Michigan
427	6546823657	3	Miami	Florida
424	8657345186	5	Durham	North Carolina
423	1695146186	3	Arlington	Texas
421	9434757040	1	Buffalo	New York
422	2583771613	4	Denver	Colorado
420	5782736083	3	Newark	New Jersey
418	9232022584	1	Laredo	Texas
419	6510772752	6	Cleveland	Ohio
417	8895483375	4	Winston-Salem	North Carolina
416	213980782	3	Austin	Texas
414	8471603547	6	New York	New York
415	5288706446	2	Baton Rouge	Louisiana
412	977226382	2	Madison	Wisconsin
413	9354385359	5	Richmond	Virginia
410	545067370	6	Jersey City	New Jersey
411	9917773529	1	Glendale	Arizona
409	8184815839	3	Los Angeles	California
408	3654492377	6	Fort Wayne	Indiana
407	3449462674	4	Bakersfield	California
404	2405566675	3	Anaheim	California
405	706591911	6	Houston	Texas
406	3544225293	6	El Paso	Texas
402	4891439667	6	San Antonio	Texas
403	857346418	1	Honolulu	Hawaii
401	8145136193	3	Jacksonville	Florida
400	5284777919	5	Fresno	California
398	2658516438	2	Reno	Nevada
399	677339551	6	Austin	Texas
397	3755453724	5	Corpus Christi	Texas
396	2580839404	5	St. Paul	Minnesota
395	6230275498	4	Fort Wayne	Indiana
394	1170372520	2	Dallas	Texas
392	4132559978	2	New Orleans	Louisiana
393	2441484737	2	Henderson	Nevada
390	4189948066	5	Santa Ana	California
391	2578618553	4	Kansas City	Missouri
389	7209945569	3	Columbus	Ohio
388	7106485161	4	Chesapeake	Virginia
387	8736270873	1	Cleveland	Ohio
386	6421135158	1	Lincoln	Nebraska
385	4334112672	1	Pittsburgh	Pennsylvania
384	565643983	6	Baltimore	Maryland
383	5991939786	4	Tampa	Florida
382	3945116159	4	Honolulu	Hawaii
380	3745398818	1	Bakersfield	California
381	9430978193	2	Chesapeake	Virginia
379	6543248341	1	Portland	Oregon
378	8335492858	2	Aurora	Colorado
377	4171068544	3	Lexington-Fayette	Kentucky
376	521399510	1	Raleigh	North Carolina
375	8236805802	5	Tucson	Arizona
374	6849339918	4	Portland	Oregon
371	6238926251	4	Cincinnati	Ohio
372	471579420	4	Columbus	Ohio
373	770323230	3	Bakersfield	California
370	7781305630	4	Norfolk	Virginia
369	497140699	5	Hialeah	Florida
368	531152214	1	Detroit	Michigan
367	6491557829	6	San Francisco	California
366	1244500174	4	San Jose	California
365	6177750222	2	Minneapolis	Minnesota
363	2335354170	1	Glendale	Arizona
364	7974773463	2	Norfolk	Virginia
362	9929206232	1	Fremont	California
361	2763165133	2	Newark	New Jersey
360	5411648344	4	Greensboro	North Carolina
359	7159778682	4	Chesapeake	Virginia
358	7292399880	6	Laredo	Texas
357	7660413089	6	Tulsa	Oklahoma
356	5568032245	6	Honolulu	Hawaii
355	9728138288	6	San Francisco	California
354	8591191507	1	Raleigh	North Carolina
353	7556631893	1	Toledo	Ohio
352	5878493922	4	Chicago	Illinois
350	9567674258	1	North Las Vegas	Nevada
351	2133112154	5	Milwaukee	Wisconsin
348	9999524524	6	Hialeah	Florida
349	2339807138	5	Baltimore	Maryland
347	1732392593	1	Henderson	Nevada
346	9142673245	3	Garland	Texas
345	6199965329	3	Albuquerque	New Mexico
344	5773706797	4	Cincinnati	Ohio
343	6814212967	4	Anaheim	California
342	2799494790	2	Riverside	California
340	4256901133	5	Phoenix	Arizona
341	7192186906	3	Durham	North Carolina
339	5992147693	1	Corpus Christi	Texas
338	911933873	2	Irving	Texas
337	5483815684	6	Aurora	Colorado
336	7896734194	6	Henderson	Nevada
334	4532809359	4	Stockton	California
335	7730110037	3	North Las Vegas	Nevada
333	9493779	4	Fremont	California
331	1579139758	1	Lubbock	Texas
332	6311656263	1	Denver	Colorado
329	3543426515	4	Baton Rouge	Louisiana
330	9380074035	5	Cincinnati	Ohio
327	5974917067	4	Kansas City	Missouri
328	9901057954	4	San Francisco	California
326	9363142169	6	San Jose	California
325	7665101657	5	Washington	District of Columbia
324	2518960347	4	Columbus	Ohio
323	6283213634	5	New York	New York
322	11723586	2	Chicago	Illinois
321	1641114145	4	Fort Worth	Texas
320	7642337922	6	Bakersfield	California
318	7249872143	6	Phoenix	Arizona
319	4250895299	4	Long Beach	California
317	3257226387	3	Newark	New Jersey
314	48035277	3	Austin	Texas
315	1148802341	5	Austin	Texas
316	1117761812	3	Norfolk	Virginia
312	26734396	1	Scottsdale	Arizona
313	4401500290	2	Madison	Wisconsin
311	7287128004	4	Jersey City	New Jersey
310	5113170541	1	Plano	Texas
308	5107214718	1	Laredo	Texas
309	4568268332	4	El Paso	Texas
307	9908199561	6	Atlanta	Georgia
306	5416173720	4	Pittsburgh	Pennsylvania
305	7451026607	1	Milwaukee	Wisconsin
304	7872178028	3	Bakersfield	California
302	8392832913	6	Charlotte	North Carolina
303	4448294348	2	Aurora	Colorado
301	3435784980	6	Columbus	Ohio
300	6950048997	3	Santa Ana	California
299	9181565928	2	Riverside	California
298	7880553219	6	Louisville/Jefferson County	Kentucky
297	4391669443	4	North Las Vegas	Nevada
296	3228286908	4	Reno	Nevada
295	2938705797	1	Kansas City	Missouri
294	4753615029	3	Nashville-Davidson	Tennessee
293	8768046410	4	Boston	Massachusetts
291	163092785	2	Seattle	Washington
292	4545914327	4	Laredo	Texas
290	8987492959	6	Lexington-Fayette	Kentucky
289	5731751095	2	Tulsa	Oklahoma
288	1582325377	3	Omaha	Nebraska
287	4716968841	5	Chula Vista	California
286	5867444593	4	Houston	Texas
285	5126613909	3	St. Paul	Minnesota
284	3756398877	1	Kansas City	Missouri
283	9721647890	1	Houston	Texas
281	3168684021	1	St. Louis	Missouri
282	620263213	1	Chesapeake	Virginia
280	2667863100	5	Chula Vista	California
279	8560462545	5	Corpus Christi	Texas
277	8779311289	3	Austin	Texas
278	144263020	1	Cleveland	Ohio
275	676924997	5	Kansas City	Missouri
276	3729874200	6	Irving	Texas
274	2615026546	5	Cleveland	Ohio
273	5772964207	5	Oakland	California
271	1917030081	5	Denver	Colorado
272	7981596925	5	Lexington-Fayette	Kentucky
270	9425644288	2	Columbus	Ohio
269	1198193607	2	Washington	District of Columbia
268	1210530087	6	Atlanta	Georgia
267	1924030320	6	Boise City	Idaho
266	4745631629	6	Anchorage	Alaska
265	3498181792	6	Lubbock	Texas
264	8396016078	1	Bakersfield	California
263	6414396896	3	San Diego	California
262	4949433742	4	Los Angeles	California
259	652453186	3	Tucson	Arizona
260	5265981326	4	Nashville-Davidson	Tennessee
261	93641111	6	Albuquerque	New Mexico
258	6943035684	3	New Orleans	Louisiana
256	1246464575	6	Phoenix	Arizona
257	7109321765	6	Tucson	Arizona
255	9482706408	1	Honolulu	Hawaii
254	2452412741	5	San Diego	California
253	8856816870	3	Mesa	Arizona
252	6647255127	4	Jersey City	New Jersey
251	5321699713	2	Newark	New Jersey
250	6568822404	4	Tampa	Florida
248	10226195	5	Pittsburgh	Pennsylvania
249	6123737831	2	Baltimore	Maryland
247	227090678	4	Fort Wayne	Indiana
245	368914225	2	Aurora	Colorado
246	248926350	1	Lincoln	Nebraska
243	3433952683	3	San Antonio	Texas
244	6118583880	2	Anchorage	Alaska
242	6677634593	4	Wichita	Kansas
240	4240337331	4	Garland	Texas
241	305047027	2	Fresno	California
239	3654884983	1	Omaha	Nebraska
238	7524432000	5	Boise City	Idaho
237	5628425423	1	Seattle	Washington
236	1338079550	5	North Las Vegas	Nevada
235	263393529	3	New York	New York
234	56053093	2	Orlando	Florida
233	696757277	2	Irvine	California
230	382625416	5	Oklahoma City	Oklahoma
231	5890091299	6	Norfolk	Virginia
232	4928346960	4	Orlando	Florida
228	1132126102	5	Philadelphia	Pennsylvania
229	9966598409	1	Colorado Springs	Colorado
227	4220329058	2	Washington	District of Columbia
225	985625931	4	Phoenix	Arizona
226	4223679555	5	Portland	Oregon
224	8830546171	3	Tulsa	Oklahoma
223	4235464296	3	Hialeah	Florida
222	4198641487	2	Stockton	California
221	1788493954	3	Lubbock	Texas
219	3836013464	2	Scottsdale	Arizona
220	3490141621	4	Richmond	Virginia
218	9434062756	1	Lexington-Fayette	Kentucky
217	3252384559	6	Tampa	Florida
216	1882282876	4	Mesa	Arizona
215	322864397	4	Madison	Wisconsin
213	9546851403	6	Miami	Florida
214	4603028105	5	Raleigh	North Carolina
210	8856409505	2	Toledo	Ohio
211	8112954948	2	Orlando	Florida
212	8210133470	6	Houston	Texas
209	7613224581	6	Pittsburgh	Pennsylvania
207	7388638830	5	Tulsa	Oklahoma
208	3816477350	5	Sacramento	California
206	9935380288	1	Denver	Colorado
205	1191755290	3	Orlando	Florida
204	3112733954	4	Minneapolis	Minnesota
203	9617048310	5	San Francisco	California
200	2975322922	3	San Antonio	Texas
201	3664284552	5	Norfolk	Virginia
202	2181010037	1	Washington	District of Columbia
199	4367981472	3	Nashville-Davidson	Tennessee
197	5917804501	5	Washington	District of Columbia
198	9232187927	3	Reno	Nevada
195	7504425568	1	San Francisco	California
196	743016582	4	Laredo	Texas
194	4232094725	5	Boise City	Idaho
193	7402105345	6	Indianapolis	Indiana
192	7528943791	5	Fort Wayne	Indiana
190	678923755	2	Arlington	Texas
191	589495361	5	Houston	Texas
189	889706886	3	New York	New York
188	8377466564	4	Louisville/Jefferson County	Kentucky
186	2214277151	4	Omaha	Nebraska
187	9183052171	4	Irving	Texas
185	7713830379	1	Jersey City	New Jersey
184	3696054817	6	Santa Ana	California
183	1241721514	2	San Bernardino	California
182	9332072108	6	Indianapolis	Indiana
181	1333897628	5	Bakersfield	California
180	6847008671	5	Baltimore	Maryland
178	412550817	4	Mesa	Arizona
179	3407120053	5	Denver	Colorado
177	3221564870	3	San Jose	California
175	678077561	2	Charlotte	North Carolina
176	6510806839	3	St. Louis	Missouri
174	449979091	3	Albuquerque	New Mexico
173	2782901428	2	Arlington	Texas
171	8107099783	2	Cincinnati	Ohio
172	5170541933	2	Atlanta	Georgia
169	8993213049	2	Baton Rouge	Louisiana
170	595927497	3	Kansas City	Missouri
168	9465348200	4	New Orleans	Louisiana
167	8261258503	5	Gilbert	Arizona
166	993411726	1	Irvine	California
165	6182765584	6	Lubbock	Texas
164	4121506460	2	Milwaukee	Wisconsin
163	6198436089	2	St. Petersburg	Florida
161	3554182931	5	Lubbock	Texas
162	5508888905	2	Oklahoma City	Oklahoma
160	6294237168	5	Lincoln	Nebraska
158	3562086204	3	Las Vegas	Nevada
159	2544340833	2	Fremont	California
157	9136707003	5	Bakersfield	California
156	4467359654	6	Plano	Texas
155	9512129468	3	Aurora	Colorado
154	4973915088	1	Bakersfield	California
152	6994460879	4	Aurora	Colorado
153	5331305596	5	Charlotte	North Carolina
151	1531773822	4	Aurora	Colorado
150	5888112006	5	Mesa	Arizona
149	4272234578	2	Fresno	California
148	734658317	5	Houston	Texas
147	9628087973	3	Tucson	Arizona
144	6917138913	3	Milwaukee	Wisconsin
145	7800775551	3	Austin	Texas
146	1558369437	5	Las Vegas	Nevada
143	787879045	3	Irving	Texas
141	1428008931	2	Hialeah	Florida
142	474875198	2	Philadelphia	Pennsylvania
140	4985020502	2	Cleveland	Ohio
139	379502055	4	Charlotte	North Carolina
138	7234826991	5	Jersey City	New Jersey
137	9239284200	6	Santa Ana	California
135	5670342923	6	Reno	Nevada
136	5586568775	6	Baton Rouge	Louisiana
134	7263522516	5	Baltimore	Maryland
132	223428523	3	Arlington	Texas
133	9223571130	1	St. Paul	Minnesota
131	1764780960	1	Fort Wayne	Indiana
130	2876434661	3	Anchorage	Alaska
129	541660492	5	Cincinnati	Ohio
128	6679218562	4	Omaha	Nebraska
127	449615972	4	San Antonio	Texas
126	2163176759	4	Durham	North Carolina
124	880561678	2	Lubbock	Texas
125	8787430152	1	Fremont	California
123	4100537942	3	Plano	Texas
122	4381038457	6	Raleigh	North Carolina
121	4729165843	3	Irving	Texas
120	3202187777	6	Buffalo	New York
119	221163925	5	Lubbock	Texas
118	3120377976	4	Stockton	California
116	6545516448	3	Glendale	Arizona
117	9593588360	4	Aurora	Colorado
115	459372845	2	Pittsburgh	Pennsylvania
114	7582520761	5	Mesa	Arizona
113	3530896686	5	Long Beach	California
112	3858998863	6	Washington	District of Columbia
111	8790628082	4	Gilbert	Arizona
110	3795673718	1	Columbus	Ohio
109	695470072	6	Lexington-Fayette	Kentucky
108	727521510	5	Jersey City	New Jersey
107	176371388	5	Garland	Texas
106	4236898553	6	Charlotte	North Carolina
104	9320529863	6	Lincoln	Nebraska
105	4256386701	3	Indianapolis	Indiana
103	7273997565	5	Raleigh	North Carolina
102	741823531	6	Detroit	Michigan
101	8446764886	3	Phoenix	Arizona
100	6296477590	2	Anchorage	Alaska
99	3440482008	4	Fort Worth	Texas
98	8441428859	4	St. Petersburg	Florida
97	8290883158	3	Austin	Texas
96	9240037483	2	Tampa	Florida
95	9931343096	2	Henderson	Nevada
93	9209598115	5	Laredo	Texas
94	5494587705	1	Miami	Florida
92	3141191048	3	Denver	Colorado
91	4532956654	5	Minneapolis	Minnesota
90	1500077171	2	Glendale	Arizona
89	1675962429	2	Mesa	Arizona
87	5158517556	6	Garland	Texas
88	6348365470	5	Fresno	California
86	1805326817	6	Santa Ana	California
85	5331976404	3	Winston-Salem	North Carolina
84	4137800227	2	Irvine	California
83	7853662357	6	Riverside	California
82	6369202325	3	Miami	Florida
81	8107141638	1	Tampa	Florida
80	789064207	6	Chandler	Arizona
79	4990184930	3	El Paso	Texas
77	2670186135	6	Dallas	Texas
78	1264760266	2	Chula Vista	California
76	2967479208	3	Fort Worth	Texas
75	6739136218	3	Norfolk	Virginia
74	9463016809	6	Memphis	Tennessee
73	6808276814	4	Philadelphia	Pennsylvania
72	667600824	5	Scottsdale	Arizona
71	2308789104	3	Nashville-Davidson	Tennessee
70	4130906517	3	Denver	Colorado
69	1898053954	1	Kansas City	Missouri
68	548196953	3	St. Petersburg	Florida
67	3726498262	3	Tampa	Florida
66	4382326181	1	Austin	Texas
65	875959792	3	San Bernardino	California
64	9129693296	2	Bakersfield	California
63	3887268006	6	Oakland	California
61	292033963	2	Wichita	Kansas
62	9964785061	4	Los Angeles	California
59	5417041845	1	El Paso	Texas
60	4863657060	1	Madison	Wisconsin
57	4699666080	5	Irving	Texas
58	9342740815	1	Houston	Texas
56	9999182419	3	Portland	Oregon
55	4184490206	3	Dallas	Texas
54	3286785192	1	Arlington	Texas
53	3765938888	6	Pittsburgh	Pennsylvania
52	2451968434	5	Madison	Wisconsin
51	27769598	1	Boston	Massachusetts
50	7568116687	5	Cincinnati	Ohio
49	5241491229	5	Lubbock	Texas
48	4224130401	6	Reno	Nevada
47	6666364253	4	Fort Worth	Texas
46	2389716259	5	Chicago	Illinois
45	1186839183	3	Anchorage	Alaska
44	8455169484	5	Glendale	Arizona
43	1678867259	2	Laredo	Texas
42	7221430995	6	Corpus Christi	Texas
41	3248769516	1	Boise City	Idaho
40	2927590092	6	Jacksonville	Florida
39	7660706609	1	Lincoln	Nebraska
38	9935855402	4	Portland	Oregon
37	8393937644	4	Cincinnati	Ohio
36	3831202332	2	Detroit	Michigan
35	281248790	1	Fremont	California
34	629196370	6	Chandler	Arizona
33	5826188612	3	Virginia Beach	Virginia
32	1296070885	5	Kansas City	Missouri
31	966844750	3	Houston	Texas
30	6857008091	3	Albuquerque	New Mexico
29	913669390	1	North Las Vegas	Nevada
28	3550854909	6	El Paso	Texas
27	3299991360	2	San Antonio	Texas
26	4718020329	1	Cincinnati	Ohio
25	8150511114	4	Dallas	Texas
24	7400837800	3	San Bernardino	California
23	9105070482	6	Buffalo	New York
22	6770052013	5	Long Beach	California
21	3318612738	2	St. Petersburg	Florida
20	494027157	6	Reno	Nevada
19	2685900473	1	Raleigh	North Carolina
18	7872365529	2	Scottsdale	Arizona
17	9389274791	3	Raleigh	North Carolina
16	9320858949	1	Washington	District of Columbia
15	2509678175	5	Wichita	Kansas
14	3930579416	1	Fresno	California
13	5929116164	1	Arlington	Texas
12	9369562052	6	Tucson	Arizona
11	185610994	1	Oklahoma City	Oklahoma
10	7312999806	5	Laredo	Texas
9	8185929158	1	Newark	New Jersey
8	590794416	4	El Paso	Texas
7	8103428832	3	Anaheim	California
6	7748628426	2	Hialeah	Florida
5	5155298197	2	Madison	Wisconsin
4	591914989	3	Tucson	Arizona
3	5832650603	2	Orlando	Florida
2	4204736385	2	Arlington	Texas
1	1620834749	1	Columbus	Ohio
482	4747097620	2	Buffalo	New York
483	5221525612	2	St. Paul	Minnesota
484	1240779970	4	Virginia Beach	Virginia
485	664351961	5	Winston-Salem	North Carolina
486	5850396376	2	Buffalo	New York
487	9762402017	5	Dallas	Texas
488	1564465086	3	Omaha	Nebraska
489	7764106246	5	Charlotte	North Carolina
490	108587449	2	St. Louis	Missouri
491	6350301618	3	Reno	Nevada
492	484089769	1	Irvine	California
493	4703485907	6	Memphis	Tennessee
494	80068211	6	Fort Worth	Texas
495	2796059363	4	Los Angeles	California
496	3375542294	5	Fort Wayne	Indiana
497	6751274359	4	New York	New York
498	9484530283	3	Corpus Christi	Texas
499	1133548145	1	Riverside	California
500	8499010510	1	Columbus	Ohio