employeeID	last_4_ssn	last_name	first_name	audit_log_access
98839	9040	Papasergi	Kirk	1
391898	7031	Chaffins	Teri	0
499489	2472	Frankel	Diane	1
658533	8556	Morocco	Marti	0
793035	8282	Felger	Emerson	0
980616	7886	Degroot	Lorrie	0
1037294	4836	Perez	Ty	0
1109984	0339	Rim	Glen	0
1296981	1734	Scriven	Salome	0
1336363	3797	Mugnolo	Jerry	0
1737803	7438	Gudroe	Fernanda	0
1768341	1475	Buzick	Quentin	0
2497053	8663	Dickerson	Willow	0
2705500	0861	Jeanty	Jerry	0
3010101	1363	Hanafan	Dalene	0
3093830	1966	Frankel	Mirta	0
3247015	2356	Iturbide	Billye	0
3393003	8619	Hanafan	Shonda	0
3550082	3623	Linahan	Kiley	0
3567510	4480	Bitsuie	Helene	0
3583202	9081	Suffield	Lai	0
3599069	6660	Oles	Galen	0
3730104	0747	Hoopengardner	Staci	0
3805208	8489	Sarbacher	Ryan	0
4062271	6558	Maisto	Nan	0
4284471	4711	Blunk	Estrella	0
4414957	5199	Batman	Lenna	0
4511102	6608	Birkner	Mireya	0
4658217	6557	Stenseth	Alesia	0
4707345	4818	Wolny	Willodean	0
4767438	8869	Kaniecki	Justine	0
4809365	9927	Isenhower	Jesusa	0
5249423	1944	Bilden	Tamar	0
5420038	8708	Craghead	Casie	0
6037336	9132	Flister	Fabiola	0
6329857	4335	Modzelewski	Bobbye	0
6396166	9932	Kines	Bernardo	0
6822507	3109	Campain	Daren	0
6865168	2549	Rulapaugh	Cyril	0
7088138	8087	Knipp	Lucy	0
7344234	5082	Upthegrove	Mireya	0
7803665	3236	Auber	Malinda	0
8052358	1623	Wiklund	Scarlet	1
8074558	8743	Tagala	Gladys	1
8135299	8031	Daufeldt	Tracey	0
8419245	9138	Vanausdal	Loren	0
8725682	8909	Patak	Ciara	0
8932540	5097	Cartan	Janey	0
9450983	9397	Hoa	Kenneth	1
9509608	3152	Flosi	Amie	0
9634888	3890	Rhymes	Chantell	0